snapshot_date,topic,repo_count,repo_uniq_count,total_stars,avg_stars,median_stars,total_forks,total_watchers,archived_repo_count
2026-04-19,python,58,58,414993,7155.051724137931,1191,106752,414993,0
2026-04-19,etl,25,25,138922,5556.88,2441,29750,138922,0
2026-04-19,business-intelligence,7,7,92791,13255.857142857143,1575,19821,92791,0
2026-04-19,data-analytics,8,8,72475,9059.375,1,17054,72475,0
2026-04-19,data-warehouse,9,9,43772,4863.555555555556,0,3115,43772,0
2026-04-19,aws,9,9,12034,1337.111111111111,0,1794,12034,0
2026-04-19,pandas,12,12,11697,974.75,0,1782,11697,0
2026-04-19,star-schema,5,5,11583,2316.6,0,2391,11583,0
2026-04-19,data-processing,4,4,10044,2511,1964,1319,10044,0
2026-04-19,no_topic,191,191,714,3.738219895287958,0,117,714,0
2026-04-19,jupyter-notebook,3,3,0,0,0,0,0,0
2026-04-19,sql-server,2,2,0,0,0,0,0,0
2026-04-19,dimensional-modeling,1,1,0,0,0,0,0,0
2026-04-19,multi-currency,1,1,0,0,0,0,0,0
2026-04-19,portfolio,1,1,0,0,0,0,0,0
2026-04-19,rfm-analysis,1,1,0,0,0,0,0,0
2026-04-19,workflows,1,1,0,0,0,0,0,0
2026-04-18,data-engineering,90,90,484640,5384.888888888889,1556,85286,484640,0
2026-04-18,sql,32,32,168639,5269.96875,27,57769,168639,0
2026-04-18,machine-learning,25,25,159717,6388.68,1964,33961,159717,0
2026-04-18,data,20,20,93485,4674.25,2877,12469,93485,0
2026-04-18,artificial-intelligence,5,5,26449,5289.8,5353,4041,26449,0
2026-04-18,infrastructure,2,2,25064,12532,22187,2452,25064,0
2026-04-18,duckdb,4,4,6132,1533,23,335,6132,0
2026-04-18,data-federation,1,1,2877,2877,2877,186,2877,0
2026-04-18,developers,1,1,2877,2877,2877,186,2877,0
2026-04-18,full-text-search,1,1,2877,2877,2877,186,2877,0
2026-04-18,llm-inference,1,1,2877,2877,2877,186,2877,0
2026-04-18,medallion-architecture,7,7,2,0.2857142857142857,0,1,2,0
2026-04-18,auto-clicker,1,1,1,1,1,0,1,0
2026-04-18,auto-farm,1,1,1,1,1,0,1,0
2026-04-18,blockchain-game,1,1,1,1,1,0,1,0
2026-04-18,blockchain-technology,1,1,1,1,1,0,1,0
2026-04-18,clicker-game,1,1,1,1,1,0,1,0
2026-04-18,crypto-api,1,1,1,1,1,0,1,0
2026-04-18,crypto-game,1,1,1,1,1,0,1,0
2026-04-18,crypto-hack,1,1,1,1,1,0,1,0
2026-04-18,cryptocurrency-game,1,1,1,1,1,0,1,0
2026-04-18,ethereum-game,1,1,1,1,1,0,1,0
2026-04-18,exploit,1,1,1,1,1,0,1,0
2026-04-18,galactic-finance,1,1,1,1,1,0,1,0
2026-04-18,galfi-bot,1,1,1,1,1,0,1,0
2026-04-18,galfi-game,1,1,1,1,1,0,1,0
2026-04-18,game-bot,1,1,1,1,1,0,1,0
2026-04-18,game-cheat,1,1,1,1,1,0,1,0
2026-04-18,game-enhancement,1,1,1,1,1,0,1,0
2026-04-18,hack,1,1,1,1,1,0,1,0
2026-04-18,mini-game,1,1,1,1,1,0,1,0
2026-04-18,telegram-support,1,1,1,1,1,0,1,0
2026-04-18,humanitarian-data,1,1,0,0,0,0,0,0
2026-04-16,data-science,30,30,277834,9261.133333333333,3663,55356,277834,0
2026-04-16,analytics,13,13,233741,17980.076923076922,11582,37465,233741,0
2026-04-16,hacktoberfest,18,18,212029,11779.388888888889,8338,34771,212029,0
2026-04-16,orchestration,9,9,184821,20535.666666666668,19143,31635,184821,0
2026-04-16,mlops,15,15,176544,11769.6,3742,36790,176544,0
2026-04-16,clickhouse,10,10,175002,17500.2,18409,23757,175002,0
2026-04-16,java,9,9,173463,19273.666666666668,21094,72955,173463,0
2026-04-16,big-data,15,15,162765,10851,4191,58955,162765,0
2026-04-16,postgresql,13,13,157877,12144.384615384615,8933,18552,157877,0
2026-04-16,workflow,8,8,150202,18775.25,19143,29729,150202,0
2026-04-16,kafka,11,11,132709,12064.454545454546,8933,33037,132709,0
2026-04-16,apache,4,4,132057,33014.25,44814,39929,132057,0
2026-04-16,data-analysis,17,17,127034,7472.588235294118,2441,26668,127034,0
2026-04-16,database,11,11,125094,11372.181818181818,8933,19438,125094,0
2026-04-16,data-integration,9,9,122990,13665.555555555555,8690,28256,122990,0
2026-04-16,automation,8,8,117996,14749.5,19143,24036,117996,0
2026-04-16,rust,7,7,112778,16111.142857142857,6656,14737,112778,0
2026-04-16,data-visualization,13,13,112458,8650.615384615385,1575,22011,112458,0
2026-04-16,spark,13,13,109860,8450.76923076923,193,42716,109860,0
2026-04-16,elt,10,10,109252,10925.2,6372,26776,109252,0
2026-04-16,pipeline,6,6,109120,18186.666666666668,21094,14587,109120,0
2026-04-16,react,7,7,106892,15270.285714285714,161,19684,106892,0
2026-04-16,scala,4,4,103882,25970.5,32388,58304,103882,0
2026-04-16,ai,14,14,103131,7366.5,1284,13785,103131,0
2026-04-16,mysql,8,8,102397,12799.625,15058,16790,102397,0
2026-04-16,bi,3,3,97744,32581.333333333332,25294,19815,97744,0
2026-04-16,workflow-engine,4,4,87361,21840.25,22187,22811,87361,0
2026-04-16,data-pipelines,9,9,79681,8853.444444444445,2394,20870,79681,0
2026-04-16,self-hosted,4,4,75764,18941,21094,13868,75764,0
2026-04-16,sql-editor,2,2,72667,36333.5,72450,17080,72667,0
2026-04-16,flask,2,2,72450,36225,72450,17050,72450,0
2026-04-16,apache-superset,1,1,72450,72450,72450,17050,72450,0
2026-04-16,asf,1,1,72450,72450,72450,17050,72450,0
2026-04-16,business-analytics,1,1,72450,72450,72450,17050,72450,0
2026-04-16,data-viz,1,1,72450,72450,72450,17050,72450,0
2026-04-16,superset,1,1,72450,72450,72450,17050,72450,0
2026-04-16,dag,4,4,67615,16903.75,16618,20721,67615,0
2026-04-16,data-orchestrator,3,3,63889,21296.333333333332,15333,19144,63889,0
2026-04-16,scheduler,3,3,63889,21296.333333333332,15333,19144,63889,0
2026-04-16,cloud-native,2,2,63535,31767.5,46917,11804,63535,0
2026-04-16,airflow,10,10,62988,6298.8,0,20802,62988,0
2026-04-16,dbt,13,13,60779,4675.307692307692,338,9964,60779,0
2026-04-16,streaming,3,3,59413,19804.333333333332,15058,19805,59413,0
2026-04-16,cpp,2,2,58884,29442,46917,9033,58884,0
2026-04-16,lakehouse,6,6,58500,9750,1,10698,58500,0
2026-04-16,mpp,2,2,58499,29249.5,46917,10697,58499,0
2026-04-16,olap,2,2,58499,29249.5,46917,10697,58499,0
2026-04-16,typescript,5,5,57679,11535.8,1644,5540,57679,0
2026-04-16,web-analytics,2,2,57098,28549,32616,3891,57098,0
2026-04-16,snowflake,14,14,55932,3995.1428571428573,217,8570,55932,0
2026-04-16,bigquery,13,13,55147,4242.076923076923,217,7873,55147,0
2026-04-16,data-ops,4,4,53707,13426.75,19143,5436,53707,0
2026-04-16,distributed,2,2,52270,26135,46917,8733,52270,0
2026-04-16,stream-processing,6,6,48086,8014.333333333333,8933,6579,48086,0
2026-04-16,dbms,1,1,46917,46917,46917,8306,46917,0
2026-04-16,embedded,1,1,46917,46917,46917,8306,46917,0
2026-04-16,pipelines,4,4,46845,11711.25,16618,6622,46845,0
2026-04-16,low-code,3,3,45117,15039,18409,4827,45117,0
2026-04-16,lowcode,2,2,45116,22558,26707,4827,45116,0
2026-04-16,data-pipeline,11,11,44784,4071.2727272727275,1424,9141,44784,0
2026-04-16,statistics,7,7,43592,6227.428571428572,3663,3482,43592,0
2026-04-16,r,2,2,43173,21586.5,43146,29204,43173,0
2026-04-16,jdbc,1,1,43146,43146,43146,29161,43146,0
2026-04-16,flink,3,3,42552,14184,15058,18398,42552,0
2026-04-16,kubernetes,7,7,42455,6065,3429,5402,42455,0
2026-04-16,change-data-capture,3,3,40370,13456.666666666666,12620,8535,40370,0
2026-04-16,ab-testing,2,2,40275,20137.5,32616,3247,40275,0
2026-04-16,feature-flags,2,2,40275,20137.5,32616,3247,40275,0
2026-04-16,free,3,3,40025,13341.666666666666,2,8014,40025,0
2026-04-16,docker,5,5,40023,8004.6,0,8012,40023,0
2026-04-16,course,1,1,40023,40023,40023,8012,40023,0
2026-04-16,kestra,1,1,40023,40023,40023,8012,40023,0
2026-04-16,redshift,8,8,39292,4911.5,4106,6755,39292,0
2026-04-16,devops,4,4,38945,9736.25,9264,3979,38945,0
2026-04-16,cdp,3,3,38639,12879.666666666666,4379,2633,38639,0
2026-04-16,javascript,4,4,32779,8194.75,161,2544,32779,0
2026-04-16,ai-analytics,3,3,32639,10879.666666666666,23,2527,32639,0
2026-04-16,experiments,1,1,32616,32616,32616,2524,32616,0
2026-04-16,product-analytics,1,1,32616,32616,32616,2524,32616,0
2026-04-16,session-replay,1,1,32616,32616,32616,2524,32616,0
2026-04-16,surveys,1,1,32616,32616,32616,2524,32616,0
2026-04-16,go,4,4,32194,8048.5,8635,2645,32194,0
2026-04-16,databricks,13,13,27955,2150.3846153846152,1,3119,27955,0
2026-04-16,data-collection,2,2,27466,13733,21094,5691,27466,0
2026-04-16,infrastructure-as-code,2,2,26707,13353.5,26707,2553,26707,0
2026-04-16,data-orchestration,1,1,26707,26707,26707,2553,26707,0
2026-04-16,high-availability,1,1,26707,26707,26707,2553,26707,0
2026-04-16,pipeline-as-code,1,1,26707,26707,26707,2553,26707,0
2026-04-16,event-streaming,3,3,25932,8644,8933,3686,25932,0
2026-04-16,iceberg,4,4,25677,6419.25,8742,5982,25677,0
2026-04-16,observability,3,3,24589,8196.333333333334,1391,2474,24589,0
2026-04-16,rabbitmq,2,2,23693,11846.5,15058,4891,23693,0
2026-04-16,ml-ops,1,1,22187,22187,22187,2266,22187,0
2026-04-16,prefect,1,1,22187,22187,22187,2266,22187,0
2026-04-16,metadata,4,4,21332,5333,3597,2409,21332,0
2026-04-16,mssql,1,1,21094,21094,21094,5144,21094,0
2026-04-16,s3,1,1,21094,21094,21094,5144,21094,0
2026-04-16,batch-processing,3,3,20360,6786.666666666667,3742,3766,20360,0
2026-04-16,golang,4,4,20256,5064,5220,2314,20256,0
2026-04-16,developer-tools,3,3,19305,6435,161,1989,19305,0
2026-04-16,datalake,2,2,16802,8401,11582,2829,16802,0
2026-04-16,argo,1,1,16618,16618,16618,3498,16618,0
2026-04-16,argo-workflows,1,1,16618,16618,16618,3498,16618,0
2026-04-16,cncf,1,1,16618,16618,16618,3498,16618,0
2026-04-16,gitops,1,1,16618,16618,16618,3498,16618,0
2026-04-16,k8s,1,1,16618,16618,16618,3498,16618,0
2026-04-16,knative,1,1,16618,16618,16618,3498,16618,0
2026-04-16,microservices,2,2,15396,7698,11967,950,15396,0
2026-04-16,dagster,1,1,15333,15333,15333,2097,15333,0
2026-04-16,workflow-automation,1,1,15333,15333,15333,2097,15333,0
2026-04-16,best-practices,3,3,15181,5060.333333333333,161,2724,15181,0
2026-04-16,data-modeling,5,5,14549,2909.8,0,2610,14549,0
2026-04-16,dbt-viewpoint,1,1,12634,12634,12634,2377,12634,0
2026-04-16,pypa,1,1,12634,12634,12634,2377,12634,0
2026-04-16,slack,1,1,12634,12634,12634,2377,12634,0
2026-04-16,apache-kafka,2,2,12620,6310,12620,2908,12620,0
2026-04-16,cdc,1,1,12620,12620,12620,2908,12620,0
2026-04-16,debezium,1,1,12620,12620,12620,2908,12620,0
2026-04-16,kafka-connect,1,1,12620,12620,12620,2908,12620,0
2026-04-16,kafka-producer,1,1,12620,12620,12620,2908,12620,0
2026-04-16,streaming-data,3,3,12128,4042.6666666666665,1964,1139,12128,0
2026-04-16,message-bus,2,2,12064,6032,8635,1156,12064,0
2026-04-16,message-queue,2,2,12064,6032,8635,1156,12064,0
2026-04-16,warehouse-native,2,2,12038,6019,7659,746,12038,0
2026-04-16,containers,1,1,11967,11967,11967,727,11967,0
2026-04-16,event-driven,1,1,11967,11967,11967,727,11967,0
2026-04-16,realtime,1,1,11967,11967,11967,727,11967,0
2026-04-16,redpanda,1,1,11967,11967,11967,727,11967,0
2026-04-16,seastar,1,1,11967,11967,11967,727,11967,0
2026-04-16,storage-engine,1,1,11967,11967,11967,727,11967,0
2026-04-16,delta-lake,6,6,11583,1930.5,0,2391,11583,0
2026-04-16,cloudnative,1,1,11582,11582,11582,2391,11582,0
2026-04-16,distributed-database,1,1,11582,11582,11582,2391,11582,0
2026-04-16,hudi,1,1,11582,11582,11582,2391,11582,0
2026-04-16,join,1,1,11582,11582,11582,2391,11582,0
2026-04-16,lakehouse-platform,1,1,11582,11582,11582,2391,11582,0
2026-04-16,real-time-analytics,1,1,11582,11582,11582,2391,11582,0
2026-04-16,real-time-updates,1,1,11582,11582,11582,2391,11582,0
2026-04-16,realtime-database,1,1,11582,11582,11582,2391,11582,0
2026-04-16,vectorized,1,1,11582,11582,11582,2391,11582,0
2026-04-16,etl-pipeline,18,18,11374,631.8888888888889,0,935,11374,0
2026-04-16,parquet,4,4,10310,2577.5,3597,622,10310,0
2026-04-16,stream-processor,2,2,10164,5082,8635,1032,10164,0
2026-04-16,apache-iceberg,2,2,8933,4466.5,8933,755,8933,0
2026-04-16,materialized-view,1,1,8933,8933,8933,755,8933,0
2026-04-16,webhook,1,1,8933,8933,8933,755,8933,0
2026-04-16,etl-framework,2,2,8813,4406.5,6372,723,8813,0
2026-04-16,amqp,1,1,8635,8635,8635,933,8635,0
2026-04-16,cqrs,1,1,8635,8635,8635,933,8635,0
2026-04-16,event-sourcing,1,1,8635,8635,8635,933,8635,0
2026-04-16,logs,1,1,8635,8635,8635,933,8635,0
2026-04-16,nats,1,1,8635,8635,8635,933,8635,0
2026-04-16,awesome-list,5,5,8008,1601.6,1011,684,8008,0
2026-04-16,azure,6,6,7928,1321.3333333333333,0,1073,7928,0
2026-04-16,abtest,1,1,7659,7659,7659,723,7659,0
2026-04-16,abtesting,1,1,7659,7659,7659,723,7659,0
2026-04-16,continuous-delivery,1,1,7659,7659,7659,723,7659,0
2026-04-16,experimentation,1,1,7659,7659,7659,723,7659,0
2026-04-16,feature-flagging,1,1,7659,7659,7659,723,7659,0
2026-04-16,remote-config,1,1,7659,7659,7659,723,7659,0
2026-04-16,split-testing,1,1,7659,7659,7659,723,7659,0
2026-04-16,nifi,2,2,7607,3803.5,6051,3461,7607,0
2026-04-16,awesome,3,3,7092,2364,1660,556,7092,0
2026-04-16,airbyte,2,2,6372,3186,6372,547,6372,0
2026-04-16,attack-surface-management,1,1,6372,6372,6372,547,6372,0
2026-04-16,cspm,1,1,6372,6372,6372,547,6372,0
2026-04-16,gcp,1,1,6372,6372,6372,547,6372,0
2026-04-16,github-api,1,1,6372,6372,6372,547,6372,0
2026-04-16,google,1,1,6372,6372,6372,547,6372,0
2026-04-16,data-structures,2,2,5977,2988.5,4421,850,5977,0
2026-04-16,csv,3,3,5172,1724,1575,164,5172,0
2026-04-16,opendata,2,2,4608,2304,3597,174,4608,0
2026-04-16,python-framework,2,2,4423,2211.5,4421,325,4423,0
2026-04-16,python-library,2,2,4423,2211.5,4421,325,4423,0
2026-04-16,best-of,1,1,4421,4421,4421,325,4421,0
2026-04-16,best-of-list,1,1,4421,4421,4421,325,4421,0
2026-04-16,cli,1,1,4421,4421,4421,325,4421,0
2026-04-16,collections,1,1,4421,4421,4421,325,4421,0
2026-04-16,library,1,1,4421,4421,4421,325,4421,0
2026-04-16,pypi,1,1,4421,4421,4421,325,4421,0
2026-04-16,python-libraries,1,1,4421,4421,4421,325,4421,0
2026-04-16,python-utilities,1,1,4421,4421,4421,325,4421,0
2026-04-16,utilities,1,1,4421,4421,4421,325,4421,0
2026-04-16,utility-library,1,1,4421,4421,4421,325,4421,0
2026-04-16,ckan,1,1,3597,3597,3597,104,3597,0
2026-04-16,data-wrangling,1,1,3597,3597,3597,104,3597,0
2026-04-16,dcat,1,1,3597,3597,3597,104,3597,0
2026-04-16,excel,1,1,3597,3597,3597,104,3597,0
2026-04-16,fair-data,1,1,3597,3597,3597,104,3597,0
2026-04-16,fairification,1,1,3597,3597,3597,104,3597,0
2026-04-16,geocode,1,1,3597,3597,3597,104,3597,0
2026-04-16,luau,1,1,3597,3597,3597,104,3597,0
2026-04-16,polars,1,1,3597,3597,3597,104,3597,0
2026-04-16,sampling,1,1,3597,3597,3597,104,3597,0
2026-04-16,stats-sighting,1,1,3597,3597,3597,104,3597,0
2026-04-16,timeseries,1,1,3597,3597,3597,104,3597,0
2026-04-16,pyspark,13,13,1193,91.76923076923077,0,85,1193,0
2026-04-16,cems,1,1,581,581,581,133,581,0
2026-04-16,climate,1,1,581,581,581,133,581,0
2026-04-16,coal,1,1,581,581,581,133,581,0
2026-04-16,ddj,1,1,581,581,581,133,581,0
2026-04-16,eia,1,1,581,581,581,133,581,0
2026-04-16,eia860,1,1,581,581,581,133,581,0
2026-04-16,eia923,1,1,581,581,581,133,581,0
2026-04-16,electricity,1,1,581,581,581,133,581,0
2026-04-16,emissions,1,1,581,581,581,133,581,0
2026-04-16,energy,1,1,581,581,581,133,581,0
2026-04-16,epa,1,1,581,581,581,133,581,0
2026-04-16,ferc,1,1,581,581,581,133,581,0
2026-04-16,ghg,1,1,581,581,581,133,581,0
2026-04-16,natural-gas,1,1,581,581,581,133,581,0
2026-04-16,open-data,1,1,581,581,581,133,581,0
2026-04-16,pudl,1,1,581,581,581,133,581,0
2026-04-16,sqlite,1,1,581,581,581,133,581,0
2026-04-16,utility,1,1,581,581,581,133,581,0
2026-04-16,nodejs,3,3,181,60.333333333333336,19,22,181,0
2026-04-16,backend,3,3,163,54.333333333333336,2,22,163,0
2026-04-16,frontend,3,3,163,54.333333333333336,2,22,163,0
2026-04-16,chinese,2,2,163,81.5,161,20,163,0
2026-04-16,ai-programming,1,1,161,161,161,20,161,0
2026-04-16,code-quality,1,1,161,161,161,20,161,0
2026-04-16,cursor,1,1,161,161,161,20,161,0
2026-04-16,cursorrules,1,1,161,161,161,20,161,0
2026-04-16,programming-rules,1,1,161,161,161,20,161,0
2026-04-16,translation,1,1,161,161,161,20,161,0
2026-04-16,vue,1,1,161,161,161,20,161,0
2026-04-16,config,8,8,5,0.625,0,0,5,0
2026-04-16,github-config,8,8,5,0.625,0,0,5,0
2026-04-16,sparksql,1,1,1,1,1,0,1,0
2026-03-31,llm,9,9,28600,3177.777777777778,1123,2951,28600,0
2026-03-31,vercel,2,2,23256,11628,23256,2908,23256,0
2026-03-31,serverless,4,4,18409,4602.25,0,2274,18409,0
2026-03-31,mcp,4,4,14344,3586,755,1401,14344,0
2026-03-31,mongodb,3,3,13566,4522,0,1290,13566,0
2026-03-31,genai,2,2,13566,6783,13566,1290,13566,0
2026-03-31,gemini,2,2,1284,642,1284,120,1284,0
2026-03-31,model-context-protocol,2,2,23,11.5,23,3,23,0
2026-03-31,antigravity,1,1,0,0,0,0,0,0
2026-03-31,boto3,1,1,0,0,0,0,0,0
2026-03-31,meta-capi,1,1,0,0,0,0,0,0
2026-03-31,metricflow,1,1,0,0,0,0,0,0
2026-03-31,opencode,1,1,0,0,0,0,0,0
2026-03-31,playwright,1,1,0,0,0,0,0,0
2026-03-31,redux-toolkit,1,1,0,0,0,0,0,0
2026-03-31,shiprocket,1,1,0,0,0,0,0,0
2026-03-31,supabase,1,1,0,0,0,0,0,0
2026-03-31,terraform,1,1,0,0,0,0,0,0
2026-03-29,redis,4,4,95682,23920.5,25294,12590,95682,0
2026-03-29,open-source,9,9,76945,8549.444444444445,2394,9152,76945,0
2026-03-29,jobs,6,6,60723,10120.5,102,4473,60723,0
2026-03-29,deep-learning,6,6,58013,9668.833333333334,3663,8883,58013,0
2026-03-29,pytorch,3,3,50657,16885.666666666668,3663,8079,50657,0
2026-03-29,apache-airflow,3,3,44814,14938,0,16779,44814,0
2026-03-29,internships,3,3,44039,14679.666666666666,38,3170,44039,0
2026-03-29,beginner-friendly,1,1,41764,41764,41764,4577,41764,0
2026-03-29,featured,1,1,41764,41764,41764,4577,41764,0
2026-03-29,finance,1,1,41764,41764,41764,4577,41764,0
2026-03-29,high-performance,1,1,41764,41764,41764,4577,41764,0
2026-03-29,payments,1,1,41764,41764,41764,4577,41764,0
2026-03-29,restful-api,1,1,41764,41764,41764,4577,41764,0
2026-03-29,sdk,1,1,41764,41764,41764,4577,41764,0
2026-03-29,works-with-react,1,1,41764,41764,41764,4577,41764,0
2026-03-29,gpt,3,3,26050,8683.333333333334,755,2873,26050,0
2026-03-29,hacktoberfest2023,2,2,19143,9571.5,19143,1969,19143,0
2026-03-29,newgrad,5,5,16757,3351.4,38,1306,16757,0
2026-03-29,data-lake,5,5,10353,2070.6,0,920,10353,0
2026-03-29,anthropic,2,2,9265,4632.5,9264,704,9265,0
2026-03-29,claude,2,2,9265,4632.5,9264,704,9265,0
2026-03-29,claude-code,2,2,9265,4632.5,9264,704,9265,0
2026-03-29,openai,5,5,8948,1789.6,1284,1071,8948,0
2026-03-29,spring-ai,1,1,8338,8338,8338,2396,8338,0
2026-03-29,dashboard,3,3,7901,2633.6666666666665,1575,421,7901,0
2026-03-29,ai-agents,2,2,6675,3337.5,6656,485,6675,0
2026-03-29,distributed-computing,3,3,6544,2181.3333333333335,1191,509,6544,0
2026-03-29,athena,2,2,4323,2161.5,4106,752,4323,0
2026-03-29,nlp,3,3,4192,1397.3333333333333,1,587,4192,0
2026-03-29,dataframe,4,4,3928,982,1487,358,3928,0
2026-03-29,agentic-ai,2,2,3925,1962.5,3902,587,3925,0
2026-03-29,software-engineering,4,4,2544,636,102,184,2544,0
2026-03-29,extract-data,2,2,2394,1197,2394,205,2394,0
2026-03-29,agi,2,2,2039,1019.5,1284,228,2039,0
2026-03-29,yaml,2,2,1598,799,1575,62,1598,0
2026-03-29,cassandra,3,3,1556,518.6666666666666,0,525,1556,0
2026-03-29,event-driven-architecture,2,2,1529,764.5,1529,99,1529,0
2026-03-29,ai-gents,1,1,755,755,755,108,755,0
2026-03-29,ai-prompts,1,1,755,755,755,108,755,0
2026-03-29,ai-tools,1,1,755,755,755,108,755,0
2026-03-29,alpaca,1,1,755,755,755,108,755,0
2026-03-29,deepseek,1,1,755,755,755,108,755,0
2026-03-29,llama,1,1,755,755,755,108,755,0
2026-03-29,reporting,3,3,217,72.33333333333333,0,30,217,0
2026-03-29,data-marts,1,1,217,217,217,30,217,0
2026-03-29,facebook,1,1,217,217,217,30,217,0
2026-03-29,linkedin,1,1,217,217,217,30,217,0
2026-03-29,looker-studio,1,1,217,217,217,30,217,0
2026-03-29,reddit,1,1,217,217,217,30,217,0
2026-03-29,self-service,1,1,217,217,217,30,217,0
2026-03-29,sheets,1,1,217,217,217,30,217,0
2026-03-29,tiktok,1,1,217,217,217,30,217,0
2026-03-29,2026,4,4,209,52.25,38,14,209,0
2026-03-29,new-grad,3,3,152,50.666666666666664,34,36,152,0
2026-03-29,tech-jobs,2,2,102,51,102,8,102,0
2026-03-29,2025,1,1,35,35,35,2,35,0
2026-03-29,singapore,1,1,35,35,35,2,35,0
2026-03-29,singapore-tech-internship,1,1,35,35,35,2,35,0
2026-03-29,summer-2026,1,1,35,35,35,2,35,0
2026-03-29,summer-2026-internship,1,1,35,35,35,2,35,0
2026-03-29,tech,1,1,35,35,35,2,35,0
2026-03-29,quant,2,2,34,17,34,3,34,0
2026-03-29,ai-workflow,1,1,23,23,23,3,23,0
2026-03-29,dremio,1,1,23,23,23,3,23,0
2026-03-29,mcp-server,1,1,23,23,23,3,23,0
2026-03-29,rest-api,1,1,23,23,23,3,23,0
2026-03-29,semantic-layer,1,1,23,23,23,3,23,0
2026-03-29,analytical-platform,1,1,21,21,21,9,21,0
2026-03-29,ministryofjustice,1,1,21,21,21,9,21,0
2026-03-29,ai-chatbot,1,1,19,19,19,2,19,0
2026-03-29,anthropic-claude,1,1,19,19,19,2,19,0
2026-03-29,claude-agent-sdk,1,1,19,19,19,2,19,0
2026-03-29,claude-code-sdk,1,1,19,19,19,2,19,0
2026-03-29,career,2,2,18,9,16,27,18,0
2026-03-29,software-engineer,1,1,16,16,16,25,16,0
2026-03-29,spark-sql,3,3,1,0.3333333333333333,0,1,1,0
2026-03-29,data-engineering-project,2,2,1,0.5,1,3,1,0
2026-03-29,unity-catalog,2,2,1,0.5,1,1,1,0
2026-03-29,ai-coding,1,1,1,1,1,0,1,0
2026-03-29,computer-architecture,1,1,1,1,1,0,1,0
2026-03-29,computer-engineering,1,1,1,1,1,0,1,0
2026-03-29,computer-science,1,1,1,1,1,0,1,0
2026-03-29,css,1,1,1,1,1,0,1,0
2026-03-29,data-lakehouse,1,1,1,1,1,1,1,0
2026-03-29,documentation,1,1,1,1,1,0,1,0
2026-03-29,jupyter-notebooks,1,1,1,1,1,1,1,0
2026-03-29,orm,1,1,1,1,1,0,1,0
2026-03-29,post-silicon-validation,1,1,1,1,1,1,1,0
2026-03-29,prd-generation,1,1,1,1,1,1,1,0
2026-03-29,protfolio-project,1,1,1,1,1,1,1,0
2026-03-29,research-and-development,1,1,1,1,1,0,1,0
2026-03-29,research-software-engineering,1,1,1,1,1,0,1,0
2026-03-29,semiconductor,1,1,1,1,1,1,1,0
2026-03-29,speech,1,1,1,1,1,0,1,0
2026-03-29,power-bi,4,4,0,0,0,2,0,0
2026-03-29,adls-gen2,3,3,0,0,0,2,0,0
2026-03-29,azure-data-factory,3,3,0,0,0,2,0,0
2026-03-29,data-engineering-pipeline,3,3,0,0,0,0,0,0
2026-03-29,azure-data-engineering,2,2,0,0,0,2,0,0
2026-03-29,azure-databricks,2,2,0,0,0,0,0,0
2026-03-29,data-transformation,2,2,0,0,0,0,0,0
2026-03-29,dataengineering,2,2,0,0,0,1,0,0
2026-03-29,monitoring,2,2,0,0,0,0,0,0
2026-03-29,portfolio-project,2,2,0,0,0,0,0,0
2026-03-29,streamlit,2,2,0,0,0,0,0,0
2026-03-29,uv,2,2,0,0,0,1,0,0
2026-03-29,adf,1,1,0,0,0,1,0,0
2026-03-29,algo-trading-strategies,1,1,0,0,0,0,0,0
2026-03-29,algorithm-trading,1,1,0,0,0,0,0,0
2026-03-29,algotrading,1,1,0,0,0,0,0,0
2026-03-29,analysis,1,1,0,0,0,0,0,0
2026-03-29,analytics-architecture,1,1,0,0,0,0,0,0
2026-03-29,api-integration,1,1,0,0,0,0,0,0
2026-03-29,api-integrations,1,1,0,0,0,0,0,0
2026-03-29,apollo,1,1,0,0,0,0,0,0
2026-03-29,apollo-api,1,1,0,0,0,0,0,0
2026-03-29,apollo-client,1,1,0,0,0,0,0,0
2026-03-29,athens,1,1,0,0,0,0,0,0
2026-03-29,azure-data-lake-gen2,1,1,0,0,0,0,0,0
2026-03-29,azure-sql,1,1,0,0,0,2,0,0
2026-03-29,azure-sql-management,1,1,0,0,0,0,0,0
2026-03-29,azure-syn,1,1,0,0,0,0,0,0
2026-03-29,azuredatafactory,1,1,0,0,0,0,0,0
2026-03-29,backtesting-trading-strategies,1,1,0,0,0,0,0,0
2026-03-29,bash,1,1,0,0,0,0,0,0
2026-03-29,brokerage-operation,1,1,0,0,0,0,0,0
2026-03-29,career-opportunities,1,1,0,0,0,0,0,0
2026-03-29,career-resources,1,1,0,0,0,0,0,0
2026-03-29,cloud-data-platform,1,1,0,0,0,0,0,0
2026-03-29,cloud-engineering,1,1,0,0,0,0,0,0
2026-03-29,cognifyz-technologies,1,1,0,0,0,0,0,0
2026-03-29,covid19-analytics,1,1,0,0,0,2,0,0
2026-03-29,cringe-naming,1,1,0,0,0,0,0,0
2026-03-29,crossaccount,1,1,0,0,0,0,0,0
2026-03-29,cryptocurrency,1,1,0,0,0,0,0,0
2026-03-29,data-extraction,1,1,0,0,0,0,0,0
2026-03-29,data-science-portfolio,1,1,0,0,0,0,0,0
2026-03-29,data-science-projects,1,1,0,0,0,0,0,0
2026-03-29,dataanalytics,1,1,0,0,0,1,0,0
2026-03-29,datawarehouse,1,1,0,0,0,0,0,0
2026-03-29,docker-compose,1,1,0,0,0,0,0,0
2026-03-29,duplicati,1,1,0,0,0,0,0,0
2026-03-29,earthquake-data,1,1,0,0,0,0,0,0
2026-03-29,email-automation,1,1,0,0,0,0,0,0
2026-03-29,email-parsing,1,1,0,0,0,0,0,0
2026-03-29,engineering-jobs,1,1,0,0,0,0,0,0
2026-03-29,erd,1,1,0,0,0,0,0,0
2026-03-29,extraction,1,1,0,0,0,0,0,0
2026-03-29,fintech,1,1,0,0,0,0,0,0
2026-03-29,futures,1,1,0,0,0,0,0,0
2026-03-29,gaming,1,1,0,0,0,0,0,0
2026-03-29,gdpr-compliance,1,1,0,0,0,0,0,0
2026-03-29,gdpr-compliance-checks,1,1,0,0,0,0,0,0
2026-03-29,greece,1,1,0,0,0,0,0,0
2026-03-29,greek-startups,1,1,0,0,0,0,0,0
2026-03-29,greek-tech-ecosystem,1,1,0,0,0,0,0,0
2026-03-29,hiring-greece,1,1,0,0,0,0,0,0
2026-03-29,hr-analytics,1,1,0,0,0,0,0,0
2026-03-29,hybrid-work,1,1,0,0,0,0,0,0
2026-03-29,imap-client,1,1,0,0,0,0,0,0
2026-03-29,internship-project,1,1,0,0,0,0,0,0
2026-03-29,iot,1,1,0,0,0,0,0,0
2026-03-29,iot-device,1,1,0,0,0,0,0,0
2026-03-29,jinja2,1,1,0,0,0,0,0,0
2026-03-29,logging,1,1,0,0,0,1,0,0
2026-03-29,microsoft-entra-id,1,1,0,0,0,0,0,0
2026-03-29,microsoft-fabric,1,1,0,0,0,0,0,0
2026-03-29,multiaccount,1,1,0,0,0,0,0,0
2026-03-29,onprem2cloud-data-migration,1,1,0,0,0,0,0,0
2026-03-29,pgadmin4,1,1,0,0,0,0,0,0
2026-03-29,php,1,1,0,0,0,0,0,0
2026-03-29,pipeline-orchestration,1,1,0,0,0,0,0,0
2026-03-29,plotly-dash,1,1,0,0,0,0,0,0
2026-03-29,powerbi,1,1,0,0,0,0,0,0
2026-03-29,powershell,1,1,0,0,0,1,0,0
2026-03-29,pytest,1,1,0,0,0,1,0,0
2026-03-29,pytest-cov,1,1,0,0,0,1,0,0
2026-03-29,pytest-html,1,1,0,0,0,1,0,0
2026-03-29,quantitative,1,1,0,0,0,0,0,0
2026-03-29,quantitative-finance,1,1,0,0,0,0,0,0
2026-03-29,quantitative-trading,1,1,0,0,0,0,0,0
2026-03-29,queries,1,1,0,0,0,0,0,0
2026-03-29,railway-data,1,1,0,0,0,0,0,0
2026-03-29,real-time-pipeline,1,1,0,0,0,0,0,0
2026-03-29,real-time-streaming,1,1,0,0,0,0,0,0
2026-03-29,remote-jobs,1,1,0,0,0,0,0,0
2026-03-29,reporting-system,1,1,0,0,0,0,0,0
2026-03-29,research-analytics,1,1,0,0,0,0,0,0
2026-03-29,rto-analytics,1,1,0,0,0,0,0,0
2026-03-29,s3-bucket,1,1,0,0,0,0,0,0
2026-03-29,scheduled-jobs,1,1,0,0,0,0,0,0
2026-03-29,serverless-framework,1,1,0,0,0,0,0,0
2026-03-29,spark-structured-streaming,1,1,0,0,0,0,0,0
2026-03-29,sqlalchemy-python,1,1,0,0,0,0,0,0
2026-03-29,ssms,1,1,0,0,0,0,0,0
2026-03-29,stock,1,1,0,0,0,0,0,0
2026-03-29,stremlit,1,1,0,0,0,0,0,0
2026-03-29,ta-lib,1,1,0,0,0,0,0,0
2026-03-29,thessaloniki,1,1,0,0,0,0,0,0
2026-03-29,trading-algorithms,1,1,0,0,0,0,0,0
2026-03-29,university-project,1,1,0,0,0,0,0,0
2026-03-29,usgs-api,1,1,0,0,0,0,0,0
2026-03-29,visualization,1,1,0,0,0,0,0,0
2026-03-29,zookeeper,1,1,0,0,0,0,0,0
2026-03-28,data-quality,7,7,75069,10724.142857142857,5220,11241,75069,0
2026-03-28,university,5,5,60707,12141.4,102,4448,60707,0
2026-03-28,oracle,3,3,57269,19089.666666666668,18409,6329,57269,0
2026-03-28,ray,3,3,56452,18817.333333333332,5353,8527,56452,0
2026-03-28,tailwindcss,3,3,53847,17949,23256,4607,53847,0
2026-03-28,llms,2,2,51184,25592,46993,7965,51184,0
2026-03-28,natural-language-processing,2,2,50656,25328,46993,8079,50656,0
2026-03-28,workflow-orchestration,2,2,48556,24278,44814,17047,48556,0
2026-03-28,elasticsearch,3,3,47033,15677.666666666666,15058,7522,47033,0
2026-03-28,distributed-ml,1,1,46993,46993,46993,7378,46993,0
2026-03-28,distributed-training,1,1,46993,46993,46993,7378,46993,0
2026-03-28,hive,4,4,45260,11315,18409,5564,45260,0
2026-03-28,interview-preparation,1,1,43966,43966,43966,3167,43966,0
2026-03-28,sqlserver,2,2,43703,21851.5,25294,5039,43703,0
2026-03-28,chatgpt,4,4,40033,10008.25,9264,4176,40033,0
2026-03-28,influxdb,2,2,33467,16733.5,18409,6232,33467,0
2026-03-28,tidb,2,2,31975,15987.5,18409,3564,31975,0
2026-03-28,privacy,2,2,28861,14430.5,24482,1390,28861,0
2026-03-28,clickhouse-client,1,1,25294,25294,25294,2765,25294,0
2026-03-28,datagrip,1,1,25294,25294,25294,2765,25294,0
2026-03-28,db2,1,1,25294,25294,25294,2765,25294,0
2026-03-28,dbeaver,1,1,25294,25294,25294,2765,25294,0
2026-03-28,navicat,1,1,25294,25294,25294,2765,25294,0
2026-03-28,redis-client,1,1,25294,25294,25294,2765,25294,0
2026-03-28,text2sql,1,1,25294,25294,25294,2765,25294,0
2026-03-28,charts,1,1,24482,24482,24482,1367,24482,0
2026-03-28,cloud,1,1,24482,24482,24482,1367,24482,0
2026-03-28,elixir,1,1,24482,24482,24482,1367,24482,0
2026-03-28,google-analytics,1,1,24482,24482,24482,1367,24482,0
2026-03-28,marketing,1,1,24482,24482,24482,1367,24482,0
2026-03-28,metrics,1,1,24482,24482,24482,1367,24482,0
2026-03-28,phoenix,1,1,24482,24482,24482,1367,24482,0
2026-03-28,plausible-analytics,1,1,24482,24482,24482,1367,24482,0
2026-03-28,website,1,1,24482,24482,24482,1367,24482,0
2026-03-28,website-analytics,1,1,24482,24482,24482,1367,24482,0
2026-03-28,website-stats,1,1,24482,24482,24482,1367,24482,0
2026-03-28,nextjs,2,2,24379,12189.5,23256,2928,24379,0
2026-03-28,datascience,2,2,23455,11727.5,19143,2346,23455,0
2026-03-28,planetscale,1,1,23256,23256,23256,2908,23256,0
2026-03-28,prisma,1,1,23256,23256,23256,2908,23256,0
2026-03-28,tinybird,1,1,23256,23256,23256,2908,23256,0
2026-03-28,upstash,1,1,23256,23256,23256,2908,23256,0
2026-03-28,hadoop,3,3,19966,6655.333333333333,1556,2799,19966,0
2026-03-28,job-scheduler,1,1,19143,19143,19143,1969,19143,0
2026-03-28,scenario,1,1,19143,19143,19143,1969,19143,0
2026-03-28,scenario-analysis,1,1,19143,19143,19143,1969,19143,0
2026-03-28,taipy-core,1,1,19143,19143,19143,1969,19143,0
2026-03-28,taipy-gui,1,1,19143,19143,19143,1969,19143,0
2026-03-28,baas,1,1,18409,18409,18409,2274,18409,0
2026-03-28,crud,1,1,18409,18409,18409,2274,18409,0
2026-03-28,milvus,1,1,18409,18409,18409,2274,18409,0
2026-03-28,nocode,1,1,18409,18409,18409,2274,18409,0
2026-03-28,postgresql-database,1,1,18409,18409,18409,2274,18409,0
2026-03-28,tdengine,1,1,18409,18409,18409,2274,18409,0
2026-03-28,agent,2,2,17468,8734,13566,1874,17468,0
2026-03-28,exploratory-data-analysis,2,2,17408,8704,11299,2037,17408,0
2026-03-28,data-engineer,2,2,16935,8467.5,15020,2937,16935,0
2026-03-28,applications,4,4,16741,4185.25,102,1281,16741,0
2026-03-28,college,4,4,16741,4185.25,102,1281,16741,0
2026-03-28,fulltime,3,3,16707,5569,102,1278,16707,0
2026-03-28,hbase,2,2,16614,8307,15058,4483,16614,0
2026-03-28,coderquad,1,1,16567,16567,16567,1269,16567,0
2026-03-28,position,1,1,16567,16567,16567,1269,16567,0
2026-03-28,posting,1,1,16567,16567,16567,1269,16567,0
2026-03-28,agents,2,2,16161,8080.5,13566,1756,16161,0
2026-03-28,loki,1,1,15058,15058,15058,3958,15058,0
2026-03-28,opentsdb,1,1,15058,15058,15058,3958,15058,0
2026-03-28,rocketmq,1,1,15058,15058,15058,3958,15058,0
2026-03-28,cookbook,1,1,15020,15020,15020,2704,15020,0
2026-03-28,data-profiling,3,3,15004,5001.333333333333,2314,2102,15004,0
2026-03-28,data-unit-tests,2,2,13613,6806.5,11299,1964,13613,0
2026-03-28,dataquality,2,2,13613,6806.5,11299,1964,13613,0
2026-03-28,pipeline-testing,2,2,13613,6806.5,11299,1964,13613,0
2026-03-28,cockroachdb,1,1,13566,13566,13566,1290,13566,0
2026-03-28,firestore,1,1,13566,13566,13566,1290,13566,0
2026-03-28,server,1,1,13566,13566,13566,1290,13566,0
2026-03-28,spanner,1,1,13566,13566,13566,1290,13566,0
2026-03-28,rag,4,4,12815,3203.75,2595,1145,12815,0
2026-03-28,cleandata,1,1,11299,11299,11299,1705,11299,0
2026-03-28,data-profilers,1,1,11299,11299,11299,1705,11299,0
2026-03-28,datacleaner,1,1,11299,11299,11299,1705,11299,0
2026-03-28,datacleaning,1,1,11299,11299,11299,1705,11299,0
2026-03-28,dataunittest,1,1,11299,11299,11299,1705,11299,0
2026-03-28,eda,1,1,11299,11299,11299,1705,11299,0
2026-03-28,exploratory-analysis,1,1,11299,11299,11299,1705,11299,0
2026-03-28,exploratorydataanalysis,1,1,11299,11299,11299,1705,11299,0
2026-03-28,pipeline-debt,1,1,11299,11299,11299,1705,11299,0
2026-03-28,pipeline-tests,1,1,11299,11299,11299,1705,11299,0
2026-03-28,reverse-etl,2,2,10334,5167,8690,1036,10334,0
2026-03-28,alacritty,1,1,9264,9264,9264,704,9264,0
2026-03-28,console,1,1,9264,9264,9264,704,9264,0
2026-03-28,data-scientists,1,1,9264,9264,9264,704,9264,0
2026-03-28,devsecops,1,1,9264,9264,9264,704,9264,0
2026-03-28,hyper,1,1,9264,9264,9264,704,9264,0
2026-03-28,iterm2,1,1,9264,9264,9264,704,9264,0
2026-03-28,kitty,1,1,9264,9264,9264,704,9264,0
2026-03-28,raspberry-pi,1,1,9264,9264,9264,704,9264,0
2026-03-28,security-automation,1,1,9264,9264,9264,704,9264,0
2026-03-28,vscode,1,1,9264,9264,9264,704,9264,0
2026-03-28,vscode-extension,1,1,9264,9264,9264,704,9264,0
2026-03-28,wezterm,1,1,9264,9264,9264,704,9264,0
2026-03-28,xonsh,1,1,9264,9264,9264,704,9264,0
2026-03-28,transformation,1,1,8690,8690,8690,950,8690,0
2026-03-28,huggingface,2,2,7948,3974,5353,893,7948,0
2026-03-28,ml,2,2,7852,3926,6841,1323,7852,0
2026-03-28,knowledge-graph,2,2,7779,3889.5,6656,503,7779,0
2026-03-28,feature-store,1,1,6841,6841,6841,1253,6841,0
2026-03-28,features,1,1,6841,6841,6841,1253,6841,0
2026-03-28,agentic-data-framework,1,1,6656,6656,6656,483,6656,0
2026-03-28,context-engineering,1,1,6656,6656,6656,483,6656,0
2026-03-28,data-indexing,1,1,6656,6656,6656,483,6656,0
2026-03-28,help-wanted,1,1,6656,6656,6656,483,6656,0
2026-03-28,indexing,1,1,6656,6656,6656,483,6656,0
2026-03-28,long-horizon-agent,1,1,6656,6656,6656,483,6656,0
2026-03-28,real-time,1,1,6656,6656,6656,483,6656,0
2026-03-28,semantic-search,1,1,6656,6656,6656,483,6656,0
2026-03-28,data-version-control,2,2,6580,3290,5220,528,6580,0
2026-03-28,data-versioning,2,2,6580,3290,5220,528,6580,0
2026-03-28,arrow,2,2,6544,3272,5353,509,6544,0
2026-03-28,svelte,1,1,6109,6109,6109,332,6109,0
2026-03-28,webassembly,1,1,6109,6109,6109,332,6109,0
2026-03-28,customer-data-platform,2,2,6023,3011.5,4379,109,6023,0
2026-03-28,interview-questions,2,2,5747,2873.5,4191,1112,5747,0
2026-03-28,integration,2,2,5366,2683,2972,925,5366,0
2026-03-28,ai-engineering,2,2,5354,2677,5353,427,5354,0
2026-03-28,ai-pipeline,1,1,5353,5353,5353,427,5353,0
2026-03-28,distributed-systems,1,1,5353,5353,5353,427,5353,0
2026-03-28,embeddings,1,1,5353,5353,5353,427,5353,0
2026-03-28,multimodal,1,1,5353,5353,5353,427,5353,0
2026-03-28,apache-spark,1,1,5220,5220,5220,438,5220,0
2026-03-28,apache-sparksql,1,1,5220,5220,5220,438,5220,0
2026-03-28,aws-s3,1,1,5220,5220,5220,438,5220,0
2026-03-28,azure-blob-storage,1,1,5220,5220,5220,438,5220,0
2026-03-28,azure-storage,1,1,5220,5220,5220,438,5220,0
2026-03-28,datalakes,1,1,5220,5220,5220,438,5220,0
2026-03-28,git-for-data,1,1,5220,5220,5220,438,5220,0
2026-03-28,google-cloud-storage,1,1,5220,5220,5220,438,5220,0
2026-03-28,hadoop-filesystem,1,1,5220,5220,5220,438,5220,0
2026-03-28,lakefs,1,1,5220,5220,5220,438,5220,0
2026-03-28,object-storage,1,1,5220,5220,5220,438,5220,0
2026-03-28,data-loading,1,1,5133,5133,5133,482,5133,0
2026-03-28,extract,1,1,5133,5133,5133,482,5133,0
2026-03-28,load,1,1,5133,5133,5133,482,5133,0
2026-03-28,transform,1,1,5133,5133,5133,482,5133,0
2026-03-28,llmops,2,2,5036,2518,2595,642,5036,0
2026-03-28,feature-engineering,2,2,4851,2425.5,2441,284,4851,0
2026-03-28,customer-data,1,1,4379,4379,4379,23,4379,0
2026-03-28,customer-data-lake,1,1,4379,4379,4379,23,4379,0
2026-03-28,customer-data-pipeline,1,1,4379,4379,4379,23,4379,0
2026-03-28,data-synchronization,1,1,4379,4379,4379,23,4379,0
2026-03-28,segment-alternative,1,1,4379,4379,4379,23,4379,0
2026-03-28,warehouse-management,1,1,4379,4379,4379,23,4379,0
2026-03-28,dataquery,1,1,4312,4312,4312,377,4312,0
2026-03-28,dataset,1,1,4312,4312,4312,377,4312,0
2026-03-28,query,1,1,4312,4312,4312,377,4312,0
2026-03-28,cheatsheet,1,1,4191,4191,4191,587,4191,0
2026-03-28,cv-template,1,1,4191,4191,4191,587,4191,0
2026-03-28,linear-algebra,1,1,4191,4191,4191,587,4191,0
2026-03-28,mathematics,1,1,4191,4191,4191,587,4191,0
2026-03-28,neural-network,1,1,4191,4191,4191,587,4191,0
2026-03-28,probability,1,1,4191,4191,4191,587,4191,0
2026-03-28,amazon-athena,3,3,4106,1368.6666666666667,0,722,4106,0
2026-03-28,aws-glue,2,2,4106,2053,4106,722,4106,0
2026-03-28,amazon-sagemaker-notebook,1,1,4106,4106,4106,722,4106,0
2026-03-28,apache-arrow,1,1,4106,4106,4106,722,4106,0
2026-03-28,apache-parquet,1,1,4106,4106,4106,722,4106,0
2026-03-28,aws-lambda,1,1,4106,4106,4106,722,4106,0
2026-03-28,emr,1,1,4106,4106,4106,722,4106,0
2026-03-28,glue-catalog,1,1,4106,4106,4106,722,4106,0
2026-03-28,lambda,1,1,4106,4106,4106,722,4106,0
2026-03-28,modin,1,1,4106,4106,4106,722,4106,0
2026-03-28,agentic,1,1,3902,3902,3902,584,3902,0
2026-03-28,ai-scientist,1,1,3902,3902,3902,584,3902,0
2026-03-28,chatbot,1,1,3902,3902,3902,584,3902,0
2026-03-28,deep-research,1,1,3902,3902,3902,584,3902,0
2026-03-28,jupyter,1,1,3902,3902,3902,584,3902,0
2026-03-28,python-programming,1,1,3902,3902,3902,584,3902,0
2026-03-28,qwen,1,1,3902,3902,3902,584,3902,0
2026-03-28,science,1,1,3902,3902,3902,584,3902,0
2026-03-28,lineage,2,2,3832,1916,2441,314,3832,0
2026-03-28,agentic-workflow,1,1,3742,3742,3742,268,3742,0
2026-03-28,data-observability,3,3,3705,1235,1391,397,3705,0
2026-03-28,data-governance,2,2,3705,1852.5,2314,397,3705,0
2026-03-28,tableau,2,2,3663,1831.5,3663,701,3663,0
2026-03-28,computer-vision,1,1,3663,3663,3663,701,3663,0
2026-03-28,data-structures-and-algorithms,1,1,3663,3663,3663,701,3663,0
2026-03-28,data-system-design,1,1,3663,3663,3663,701,3663,0
2026-03-28,datastructures,1,1,3663,3663,3663,701,3663,0
2026-03-28,matplotlib,1,1,3663,3663,3663,701,3663,0
2026-03-28,numpy,1,1,3663,3663,3663,701,3663,0
2026-03-28,scikit-learn,1,1,3663,3663,3663,701,3663,0
2026-03-28,data-stream-processing,1,1,3429,3429,3429,223,3429,0
2026-03-28,data-streaming,1,1,3429,3429,3429,223,3429,0
2026-03-28,enrichment,1,1,3429,3429,3429,223,3429,0
2026-03-28,message-broker,1,1,3429,3429,3429,223,3429,0
2026-03-28,messaging-queue,1,1,3429,3429,3429,223,3429,0
2026-03-28,schema-registry,1,1,3429,3429,3429,223,3429,0
2026-03-28,dataops,2,2,3405,1702.5,2394,275,3405,0
2026-03-28,opensource,2,2,3405,1702.5,2394,275,3405,0
2026-03-28,dashboard-friendly,1,1,2972,2972,2972,720,2972,0
2026-03-28,data-transfers,1,1,2972,2972,2972,720,2972,0
2026-03-28,domain-layer,1,1,2972,2972,2972,720,2972,0
2026-03-28,dora,1,1,2972,2972,2972,720,2972,0
2026-03-28,jira,1,1,2972,2972,2972,720,2972,0
2026-03-28,user-friendly,1,1,2972,2972,2972,720,2972,0
2026-03-28,ai-systems,1,1,2595,2595,2595,466,2595,0
2026-03-28,fine-tuning,1,1,2595,2595,2595,466,2595,0
2026-03-28,automl,1,1,2410,2410,2410,108,2410,0
2026-03-28,feature-extraction,1,1,2410,2410,2410,108,2410,0
2026-03-28,neural-networks,1,1,2410,2410,2410,108,2410,0
2026-03-28,personalization,1,1,2410,2410,2410,108,2410,0
2026-03-28,ranking,1,1,2410,2410,2410,108,2410,0
2026-03-28,search,1,1,2410,2410,2410,108,2410,0
2026-03-28,data-catalog,2,2,2402,1201,1391,208,2402,0
2026-03-28,data-discovery,2,2,2402,1201,1391,208,2402,0
2026-03-28,datacatalog,2,2,2402,1201,1391,208,2402,0
2026-03-28,metadata-management,2,2,2402,1201,1391,208,2402,0
2026-03-28,oss,2,2,2402,1201,1391,208,2402,0
2026-03-28,connectors,1,1,2394,2394,2394,205,2394,0
2026-03-28,dataops-platform,1,1,2394,2394,2394,205,2394,0
2026-03-28,loaders,1,1,2394,2394,2394,205,2394,0
2026-03-28,meltano,1,1,2394,2394,2394,205,2394,0
2026-03-28,meltano-sdk,1,1,2394,2394,2394,205,2394,0
2026-03-28,singer,1,1,2394,2394,2394,205,2394,0
2026-03-28,tap,1,1,2394,2394,2394,205,2394,0
2026-03-28,taps,1,1,2394,2394,2394,205,2394,0
2026-03-28,target,1,1,2394,2394,2394,205,2394,0
2026-03-28,targets,1,1,2394,2394,2394,205,2394,0
2026-03-28,data-contracts,1,1,2314,2314,2314,259,2314,0
2026-03-28,data-monitoring,1,1,2314,2314,2314,259,2314,0
2026-03-28,data-quality-checks,1,1,2314,2314,2314,259,2314,0
2026-03-28,data-quality-monitoring,1,1,2314,2314,2314,259,2314,0
2026-03-28,data-quality-testing,1,1,2314,2314,2314,259,2314,0
2026-03-28,data-reliability,1,1,2314,2314,2314,259,2314,0
2026-03-28,data-testing,1,1,2314,2314,2314,259,2314,0
2026-03-28,data-validation,1,1,2314,2314,2314,259,2314,0
2026-03-28,datatesting,1,1,2314,2314,2314,259,2314,0
2026-03-28,dataflow,1,1,1964,1964,1964,107,1964,0
2026-03-28,analytics-engineering,3,3,1661,553.6666666666666,1,161,1661,0
2026-03-28,mlops-workflow,2,2,1658,829,1658,299,1658,0
2026-03-28,experiment-tracking,1,1,1658,1658,1658,299,1658,0
2026-03-28,model-serving,1,1,1658,1658,1658,299,1658,0
2026-03-28,ruby,2,2,1644,822,1644,86,1644,0
2026-03-28,data-activation,1,1,1644,1644,1644,86,1644,0
2026-03-28,postresql,1,1,1644,1644,1644,86,1644,0
2026-03-28,chart,1,1,1575,1575,1575,59,1575,0
2026-03-28,d3,1,1,1575,1575,1575,59,1575,0
2026-03-28,d3js,1,1,1575,1575,1575,59,1575,0
2026-03-28,data-driven,1,1,1575,1575,1575,59,1575,0
2026-03-28,gist,1,1,1575,1575,1575,59,1575,0
2026-03-28,github-gist,1,1,1575,1575,1575,59,1575,0
2026-03-28,json,1,1,1575,1575,1575,59,1575,0
2026-03-28,just-dashboard,1,1,1575,1575,1575,59,1575,0
2026-03-28,avro,1,1,1556,1556,1556,525,1556,0
2026-03-28,flume,1,1,1556,1556,1556,525,1556,0
2026-03-28,hadoop-hdfs,1,1,1556,1556,1556,525,1556,0
2026-03-28,impala,1,1,1556,1556,1556,525,1556,0
2026-03-28,interview,1,1,1556,1556,1556,525,1556,0
2026-03-28,data-intensive-applications,1,1,1529,1529,1529,99,1529,0
2026-03-28,real-time-data-processing,1,1,1529,1529,1529,99,1529,0
2026-03-28,streaming-data-pipelines,1,1,1529,1529,1529,99,1529,0
2026-03-28,streaming-data-processing,1,1,1529,1529,1529,99,1529,0
2026-03-28,time-series-data,1,1,1529,1529,1529,99,1529,0
2026-03-28,cleaning-data,1,1,1487,1487,1487,182,1487,0
2026-03-28,pydata,1,1,1487,1487,1487,182,1487,0
2026-03-28,cloud-computing,1,1,1424,1424,1424,729,1424,0
2026-03-28,machine-learning-operations,1,1,1402,1402,1402,200,1402,0
2026-03-28,mlflow,1,1,1402,1402,1402,200,1402,0
2026-03-28,pandera,1,1,1402,1402,1402,200,1402,0
2026-03-28,pydantic,1,1,1402,1402,1402,200,1402,0
2026-03-28,python-template,1,1,1402,1402,1402,200,1402,0
2026-03-28,bigdata,2,2,1391,695.5,1391,138,1391,0
2026-03-28,alerting,1,1,1391,1391,1391,138,1391,0
2026-03-28,data-exploration,1,1,1391,1391,1391,138,1391,0
2026-03-28,data-lineage,1,1,1391,1391,1391,138,1391,0
2026-03-28,data-platform,1,1,1391,1391,1391,138,1391,0
2026-03-28,serialization,1,1,1360,1360,1360,90,1360,0
2026-03-28,aigc,1,1,1284,1284,1284,120,1284,0
2026-03-28,claude-3,1,1,1284,1284,1284,120,1284,0
2026-03-28,gpt-4,1,1,1284,1284,1284,120,1284,0
2026-03-28,hello-ai,1,1,1284,1284,1284,120,1284,0
2026-03-28,stable-diffusion,1,1,1284,1284,1284,120,1284,0
2026-03-28,datafusion,1,1,1191,1191,1191,82,1191,0
2026-03-28,fastapi,1,1,1123,1123,1123,20,1123,0
2026-03-28,graphrag,1,1,1123,1123,1123,20,1123,0
2026-03-28,information-retrieval,1,1,1123,1123,1123,20,1123,0
2026-03-28,knowledge-base,1,1,1123,1123,1123,20,1123,0
2026-03-28,knowledge-graphs,1,1,1123,1123,1123,20,1123,0
2026-03-28,retrieval-augmented-generation,1,1,1123,1123,1123,20,1123,0
2026-03-28,vector-search,1,1,1123,1123,1123,20,1123,0
2026-03-28,datadiscovery,1,1,1011,1011,1011,70,1011,0
2026-03-28,hdfs,1,1,193,193,193,27,193,0
2026-03-28,synapse,1,1,193,193,193,27,193,0
2026-03-28,hiring,3,3,174,58,38,12,174,0
2026-03-28,job-search,3,3,174,58,38,12,174,0
2026-03-28,jobboard,3,3,174,58,38,12,174,0
2026-03-28,jobs-2026,3,3,174,58,38,12,174,0
2026-03-28,junior,3,3,174,58,38,12,174,0
2026-03-28,new-grad-jobs,3,3,174,58,38,12,174,0
2026-03-28,interviews,2,2,140,70,102,9,140,0
2026-03-28,remote-job,2,2,140,70,102,9,140,0
2026-03-28,swe,2,2,140,70,102,9,140,0
2026-03-28,intern,2,2,136,68,102,11,136,0
2026-03-28,internship,1,1,38,38,38,1,38,0
2026-03-28,summer-internship,1,1,38,38,38,1,38,0
2026-03-28,tech-internship,1,1,38,38,38,1,38,0
2026-03-28,data-analyst,1,1,34,34,34,3,34,0
2026-03-28,book,1,1,27,27,27,43,27,0
2026-03-28,purdue-university,1,1,27,27,27,43,27,0
2026-03-28,python3,1,1,27,27,27,43,27,0
2026-03-28,algorithms,1,1,2,2,2,2,2,0
2026-03-28,awesomewm,1,1,2,2,2,0,2,0
2026-03-28,c,1,1,2,2,2,0,2,0
2026-03-28,coding-agent,1,1,2,2,2,0,2,0
2026-03-28,coding-challenges,1,1,2,2,2,2,2,0
2026-03-28,education,1,1,2,2,2,2,2,0
2026-03-28,faang-interview,1,1,2,2,2,2,2,0
2026-03-28,faang-prep,1,1,2,2,2,2,2,0
2026-03-28,interview-prep,1,1,2,2,2,2,2,0
2026-03-28,learning-platform,1,1,2,2,2,2,2,0
2026-03-28,leetcode-alternative,1,1,2,2,2,2,2,0
2026-03-28,lua,1,1,2,2,2,0,2,0
2026-03-28,messenger,1,1,2,2,2,0,2,0
2026-03-28,nuxt,1,1,2,2,2,0,2,0
2026-03-28,own-your-data,1,1,2,2,2,0,2,0
2026-03-28,system-design,1,1,2,2,2,2,2,0
2026-03-28,technical-interviews,1,1,2,2,2,2,2,0
2026-03-28,unicorns,1,1,2,2,2,0,2,0
2026-03-28,window-manager,1,1,2,2,2,0,2,0
2026-03-28,xorg,1,1,2,2,2,0,2,0
2026-03-28,end-to-end-machine-learning,1,1,1,1,1,0,1,0
2026-03-28,hacktoberfest-accepted,1,1,1,1,1,6,1,0
2026-03-28,hacktoberfest-starter,1,1,1,1,1,6,1,0
2026-03-28,hacktoberfest2025,1,1,1,1,1,6,1,0
2026-03-28,road-network,1,1,1,1,1,0,1,0
2026-03-28,3d-visualization,4,4,0,0,0,0,0,0
2026-03-28,energy-industry,4,4,0,0,0,0,0,0
2026-03-28,oil-and-gas,4,4,0,0,0,0,0,0
2026-03-28,offshore,3,3,0,0,0,0,0,0
2026-03-28,petroleum-engineering,3,3,0,0,0,0,0,0
2026-03-28,cad,2,2,0,0,0,0,0,0
2026-03-28,cad-visualization,2,2,0,0,0,0,0,0
2026-03-28,dask,2,2,0,0,0,0,0,0
2026-03-28,drilling-engineering,2,2,0,0,0,0,0,0
2026-03-28,offshore-engineering,2,2,0,0,0,0,0,0
2026-03-28,semi-submersible-rig,2,2,0,0,0,0,0,0
2026-03-28,step,2,2,0,0,0,0,0,0
2026-03-28,adat,1,1,0,0,0,0,0,0
2026-03-28,amazon-dynamodb,1,1,0,0,0,0,0,0
2026-03-28,amazon-kinesis,1,1,0,0,0,0,0,0
2026-03-28,amazon-s3,1,1,0,0,0,0,0,0
2026-03-28,anomaly-detection,1,1,0,0,0,0,0,0
2026-03-28,apache-hudi,1,1,0,0,0,0,0,0
2026-03-28,apachebeam,1,1,0,0,0,0,0,0
2026-03-28,auv,1,1,0,0,0,0,0,0
2026-03-28,aws-athena,1,1,0,0,0,0,0,0
2026-03-28,aws-cdk,1,1,0,0,0,0,0,0
2026-03-28,aws-step-functions,1,1,0,0,0,0,0,0
2026-03-28,azure-functions,1,1,0,0,0,0,0,0
2026-03-28,azure-synapse,1,1,0,0,0,0,0,0
2026-03-28,batch,1,1,0,0,0,0,0,0
2026-03-28,batch-obfuscation,1,1,0,0,0,0,0,0
2026-03-28,bioinformatics,1,1,0,0,0,0,0,0
2026-03-28,cdk,1,1,0,0,0,0,0,0
2026-03-28,climatology,1,1,0,0,0,0,0,0
2026-03-28,cloud-composer,1,1,0,0,0,0,0,0
2026-03-28,cloudformation,1,1,0,0,0,0,0,0
2026-03-28,cloudsql,1,1,0,0,0,0,0,0
2026-03-28,clustering,1,1,0,0,0,0,0,0
2026-03-28,codebuild,1,1,0,0,0,0,0,0
2026-03-28,codepipeline,1,1,0,0,0,0,0,0
2026-03-28,compliance,1,1,0,0,0,0,0,0
2026-03-28,dashboards,1,1,0,0,0,0,0,0
2026-03-28,data-algorithms,1,1,0,0,0,0,0,0
2026-03-28,dataarchitecture,1,1,0,0,0,0,0,0
2026-03-28,dax,1,1,0,0,0,0,0,0
2026-03-28,depi,1,1,0,0,0,0,0,0
2026-03-28,django,1,1,0,0,0,0,0,0
2026-03-28,enso,1,1,0,0,0,0,0,0
2026-03-28,etccdi,1,1,0,0,0,0,0,0
2026-03-28,generative-ai,1,1,0,0,0,0,0,0
2026-03-28,genomics,1,1,0,0,0,0,0,0
2026-03-28,geothermal,1,1,0,0,0,0,0,0
2026-03-28,glue,1,1,0,0,0,0,0,0
2026-03-28,healthcare-analytics,1,1,0,0,0,0,0,0
2026-03-28,kdot,1,1,0,0,0,0,0,0
2026-03-28,kpi,1,1,0,0,0,0,0,0
2026-03-28,la-plata,1,1,0,0,0,0,0,0
2026-03-28,lambda-con,1,1,0,0,0,0,0,0
2026-03-28,land-rig-substructure,1,1,0,0,0,0,0,0
2026-03-28,longform-writing,1,1,0,0,0,0,0,0
2026-03-28,machine,1,1,0,0,0,0,0,0
2026-03-28,mapreduce,1,1,0,0,0,0,0,0
2026-03-28,mechanical-engineering,1,1,0,0,0,0,0,0
2026-03-28,mesh-3d,1,1,0,0,0,0,0,0
2026-03-28,mesh3d,1,1,0,0,0,0,0,0
2026-03-28,metabase,1,1,0,0,0,0,0,0
2026-03-28,monoid,1,1,0,0,0,0,0,0
2026-03-28,mtl,1,1,0,0,0,0,0,0
2026-03-28,nextjs15-typescript,1,1,0,0,0,0,0,0
2026-03-28,obfuscator,1,1,0,0,0,0,0,0
2026-03-28,obj,1,1,0,0,0,0,0,0
2026-03-28,offshore-operations,1,1,0,0,0,0,0,0
2026-03-28,oil-rig-platform,1,1,0,0,0,0,0,0
2026-03-28,onshore,1,1,0,0,0,0,0,0
2026-03-28,pagerank,1,1,0,0,0,0,0,0
2026-03-28,partitioning-algorithms,1,1,0,0,0,0,0,0
2026-03-28,pdc-bit,1,1,0,0,0,0,0,0
2026-03-28,player,1,1,0,0,0,0,0,0
2026-03-28,ply,1,1,0,0,0,0,0,0
2026-03-28,prophet-model,1,1,0,0,0,0,0,0
2026-03-28,proteomics,1,1,0,0,0,0,0,0
2026-03-28,pyspark-algorithms-book,1,1,0,0,0,0,0,0
2026-03-28,rdd,1,1,0,0,0,0,0,0
2026-03-28,rds-postgres,1,1,0,0,0,0,0,0
2026-03-28,recomendation-system,1,1,0,0,0,0,0,0
2026-03-28,roadmap,1,1,0,0,0,0,0,0
2026-03-28,robotics,1,1,0,0,0,0,0,0
2026-03-28,rov,1,1,0,0,0,0,0,0
2026-03-28,santa-clara-university,1,1,0,0,0,0,0,0
2026-03-28,sentence-splitter,1,1,0,0,0,0,0,0
2026-03-28,serverless-functions,1,1,0,0,0,0,0,0
2026-03-28,single-cell,1,1,0,0,0,0,0,0
2026-03-28,spa,1,1,0,0,0,0,0,0
2026-03-28,spark-dataframes,1,1,0,0,0,0,0,0
2026-03-28,spark-rdd,1,1,0,0,0,0,0,0
2026-03-28,ssis,1,1,0,0,0,0,0,0
2026-03-28,ssis-packages,1,1,0,0,0,0,0,0
2026-03-28,subsea,1,1,0,0,0,0,0,0
2026-03-28,subsea-engineering,1,1,0,0,0,0,0,0
2026-03-28,telecom,1,1,0,0,0,0,0,0
2026-03-28,tiledb,1,1,0,0,0,0,0,0
2026-03-28,tiledb-api,1,1,0,0,0,0,0,0
2026-03-28,time-series,1,1,0,0,0,0,0,0
2026-03-28,time-series-forecasting,1,1,0,0,0,0,0,0
2026-03-28,tricone-bit,1,1,0,0,0,0,0,0
2026-03-28,trino,1,1,0,0,0,0,0,0
2026-03-28,tumor,1,1,0,0,0,0,0,0
2026-03-28,ui,1,1,0,0,0,0,0,0
2026-03-28,visual-studio,1,1,0,0,0,0,0,0
2026-03-28,visualizer,1,1,0,0,0,0,0,0
